"Id","Module","Feature","Acceptance","Reference","ReferenceNote","Phase","Implementation","Verification","Evidence","Notes"
"T01-01","T01","文件选择、拖放、剪贴板导入；PNG/JPEG/BMP/GIF 静帧/TIFF，扩展格式通过能力检测开放","方向、透明度及损坏文件正确处理","https://www.asciiart.eu/image-to-ascii","公开资料基线与实施设计；并非运行验证","P2","部分实现","未验证","docs/DEVELOPMENT_STATUS.md","文件/拖放/剪贴板入口已实现；方向和损坏文件行为未验收"
"T01-02","T01","全部基础与颜色滤镜；阈值/锐化/边缘可单独开关，顺序可复现","参数保存、重置、撤销后结果一致","https://www.asciiart.eu/image-to-ascii","公开资料基线与实施设计；并非运行验证","P2","部分实现","未验证","docs/DEVELOPMENT_STATUS.md","基础滤镜和重置已实现；参数撤销尚缺"
"T01-03","T01","覆盖 13 类梯度：字母、字母数字、箭头、CP437、高密度、灰阶、简约、数学、两类常规、数字、最大、黑白；另有自定义","ASCII/Unicode 与字体兼容性明确","https://www.asciiart.eu/image-to-ascii","公开资料基线与实施设计；并非运行验证","P2","部分实现","未验证","docs/DEVELOPMENT_STATUS.md","提供15个入口含自定义；网站梯度及字体兼容性仍需逐项核对"
"T01-04","T01","Floyd–Steinberg、JJN、Stucki、Atkinson 与关闭；空格密度、输出列数与透明边距","四种实现使用参考样本验证，不只更换名称","https://www.asciiart.eu/image-to-ascii","公开资料基线与实施设计；并非运行验证","P2","部分实现","部分验证","docs/ITERATION_02.md","四种误差扩散核已实现；透明边距和参考样本未完成；v0.2新增自定义列/行、自动比例、2000x2000上限，8项核心检查通过"
"T01-05","T01","原图对比、比例校正、快速/高质量预览、复制与通用导出","预览与导出采用同一结果快照","https://www.asciiart.eu/image-to-ascii","公开资料基线与实施设计；并非运行验证","P2","部分实现","未验证","docs/DEVELOPMENT_STATUS.md","缩略图、编辑、图像预览、复制及导出已实现；完整对比和预览质量模式尚缺"
"T01-06","T01","桌面增强：裁剪/旋转/翻转、Gamma、背景合成、字体实测密度、边缘结构匹配","几何比例正确，大图处理可取消","https://www.asciiart.eu/image-to-ascii","公开资料基线与实施设计；并非运行验证","P2","部分实现","部分验证","docs/ITERATION_06.md","v0.5增加百分比裁剪、90度旋转、翻转、几何撤销与项目恢复；字体密度测量和边缘结构匹配仍未完成"
"T02-01","T02","字体目录搜索、全部预览、详情、收藏、用户字体导入；279 条目核查与去重","字体包有名称、来源、版本、许可证与样本","https://www.asciiart.eu/text-to-ascii-art","公开资料基线与实施设计；并非运行验证","P2","部分实现","未验证","docs/DEVELOPMENT_STATUS.md","Figgle.Fonts内置字体下拉选择；完整目录映射、搜索、收藏、导入和分发审核尚缺"
"T02-02","T02","横/纵五种界面选项映射正确的 FIGlet 排版规则；最大宽度、按空格换行、裁边和空格替换","拼接/压缩参考样本通过，行为有说明","https://www.asciiart.eu/text-to-ascii-art","公开资料基线与实施设计；并非运行验证","P2","部分实现","未验证","docs/DEVELOPMENT_STATUS.md","裁边和空格替换已实现；完整排版控制尚缺"
"T02-03","T02","网站全部独立边框风格、横纵内边距、全部注释包装","超长内容与窄宽度不破坏框线；注释闭合符正确处理","https://www.asciiart.eu/text-to-ascii-art","公开资料基线与实施设计；并非运行验证","P2","部分实现","未验证","docs/DEVELOPMENT_STATUS.md","仅三个基础边框；完整边框和注释尚缺"
"T02-04","T02","输出字体、字号、颜色与图像导出；静态 GIF 与动画 GIF 清楚区分","导出和预览一致","https://www.asciiart.eu/text-to-ascii-art","公开资料基线与实施设计；并非运行验证","P2","部分实现","未验证","docs/DEVELOPMENT_STATUS.md","字号与静态图片导出已实现；字体与颜色设置尚缺"
"T02-05","T02","中文增强：用系统字体塑形与回退栅格化，再转换成字符画；支持多行/对齐/间距","中文、emoji、混合文字缺字提示准确","https://www.asciiart.eu/text-to-ascii-art","公开资料基线与实施设计；并非运行验证","P2","部分实现","未验证","docs/DEVELOPMENT_STATUS.md","系统字体栅格化支持中文输入；完整塑形、回退诊断和布局尚缺"
"T03-01","T03","用户主动启用摄像头；选择设备、分辨率/FPS、镜像、暂停、停止、重试","退出工具或停用后释放设备；拒绝/占用/断开分别提示","https://www.asciiart.eu/webcam-to-ascii-art","公开资料基线与实施设计；并非运行验证","P5","未开始","未验证","",""
"T03-02","T03","覆盖字符调色板、全彩/灰度/单色、复古主题与图片滤镜","实时参数调整不阻塞输入","https://www.asciiart.eu/webcam-to-ascii-art","公开资料基线与实施设计；并非运行验证","P5","未开始","未验证","",""
"T03-03","T03","所有网站声明特效按 U04 冻结清单实现；至少两层有序混合，可交换/关闭/重置","每个特效有独立样本，混合顺序可复现","https://www.asciiart.eu/webcam-to-ascii-art","公开资料基线与实施设计；并非运行验证","P5","未开始","未验证","",""
"T03-04","T03","原始画面/ASCII 切换、双视图、原图截图/字符画截图、复制、全屏及通用导出","当前帧导出完整；所有采集与处理在本机","https://www.asciiart.eu/webcam-to-ascii-art","公开资料基线与实施设计；并非运行验证","P5","未开始","未验证","",""
"T03-05","T03","桌面增强：短片录制、时间段/帧率与 GIF/MP4/帧序列导出","录制须显式启动，显示状态，时长与帧数可验证","https://www.asciiart.eu/webcam-to-ascii-art","公开资料基线与实施设计；并非运行验证","P5","未开始","未验证","",""
"T04-01","T04","八种来源分别提供参数面板；100+ 形体目录，图标分类/搜索/本地导入","每类能生成、保存、重开；素材目录有来源","https://www.asciiart.eu/tools/3d-to-ascii-art","公开资料基线与实施设计；并非运行验证","P5","未开始","未验证","",""
"T04-02","T04","模型解析、模型信息、纹理/外部资源定位、坏模型提示","四种格式都有样本；资源失败不崩溃","https://www.asciiart.eu/tools/3d-to-ascii-art","公开资料基线与实施设计；并非运行验证","P5","未开始","未验证","",""
"T04-03","T04","数学曲面表达式、变量/函数、振幅/频率/细节；地形种子/高度/粗糙/水位；超公式参数","沙箱表达式，无任意代码执行；同种子可复现","https://www.asciiart.eu/tools/3d-to-ascii-art","公开资料基线与实施设计；并非运行验证","P5","未开始","未验证","",""
"T04-04","T04","文字多行、字体、挤出/倒角/圆润；图标挤出/描边；浮雕深度/平滑/反转/原图颜色","参数作用可见，字体和图标许可记录完整","https://www.asciiart.eu/tools/3d-to-ascii-art","公开资料基线与实施设计；并非运行验证","P5","未开始","未验证","",""
"T04-05","T04","鼠标旋转/滚转/缩放、自动旋转、多种光照、阴影填充、颜色主题与字符集","Z-buffer/遮挡正确，旋转不卡 UI","https://www.asciiart.eu/tools/3d-to-ascii-art","公开资料基线与实施设计；并非运行验证","P5","未开始","未验证","",""
"T04-06","T04","全屏、静帧导出、场景项目、动画捕获与批量旋转帧","重开项目恢复镜头、光照、形体和渲染参数","https://www.asciiart.eu/tools/3d-to-ascii-art","公开资料基线与实施设计；并非运行验证","P5","未开始","未验证","",""
"T05-01","T05","全部文件类型与粘贴；编码选择/检测，保留原始字节和文本","CP437 与 UTF-8 样本无乱码，误判可手动纠正","https://www.asciiart.eu/tools/ansi-art-viewer","公开资料基线与实施设计；并非运行验证","P2","部分实现","部分验证","docs/ANSI_VIEWER.md","文件/拖放/粘贴/示例、UTF-8/CP437、原始来源随项目保存；简单示例和项目恢复验证"
"T05-02","T05","ANSI 解析状态机：SGR、光标移动、擦除、换行、iCE 颜色；未知序列有明确处理","不执行终端命令，不发起外部连接；金样渲染通过","https://www.asciiart.eu/tools/ansi-art-viewer","公开资料基线与实施设计；并非运行验证","P2","部分实现","部分验证","docs/ANSI_VIEWER.md","SGR前背景16/256/真彩色、常见光标/擦除和静态iCE，未知指令统计；完整终端及C1不支持"
"T05-03","T05","SAUCE 标题/作者/组/日期/尺寸/注释，元数据与正文分离","元数据不混入复制文本，截断记录不崩溃","https://www.asciiart.eu/tools/ansi-art-viewer","公开资料基线与实施设计；并非运行验证","P2","部分实现","部分验证","docs/ANSI_VIEWER.md","SAUCE 00字段与COMNT解析、异常注释防越界；基本核心样例验证，未做完整金样集"
"T05-04","T05","三视图、位图/混合/系统字体路径、IBM/Amiga 字体类别、缩放/行号/主题/全屏","块字符与框线无缝；字体资产有许可","https://www.asciiart.eu/tools/ansi-art-viewer","公开资料基线与实施设计；并非运行验证","P2","部分实现","部分验证","docs/ANSI_VIEWER.md","原文输入、文本/图像结果视图及共享缩放；专用IBM/Amiga字体、行号和全屏未实现"
"T05-05","T05","保留颜色导出 ANSI/JSON/图片/PDF/代码，发送其他工具","显示解析后的文档和原始来源之间的差异","https://www.asciiart.eu/tools/ansi-art-viewer","公开资料基线与实施设计；并非运行验证","P2","部分实现","部分验证","docs/ANSI_VIEWER.md","PNG/HTML/SVG/ANSI/JSON等保留背景色；ANSI统一24位，PDF与完整跨工具发送未实现"
"T06-01","T06","字符网格、画布尺寸、字体、颜色、背景、行列参考线、缩放/平移/坐标状态","点击位置与字符单元准确，高 DPI 不漂移","https://www.asciiart.eu/ascii-draw-studio","公开资料基线与实施设计；并非运行验证","P3","未开始","未验证","",""
"T06-02","T06","铅笔、画笔、橡皮；至少覆盖网站已公开的 1–6 尺寸，笔刷样式与字符可设置","一次笔划一次撤销，拖动无漏点","https://www.asciiart.eu/ascii-draw-studio","公开资料基线与实施设计；并非运行验证","P3","未开始","未验证","",""
"T06-03","T06","直线、矩形、圆/椭圆、三角形；边框样式、填充、预览与取消","边界/裁剪/极小尺寸正确","https://www.asciiart.eu/ascii-draw-studio","公开资料基线与实施设计；并非运行验证","P3","未开始","未验证","",""
"T06-04","T06","选择、移动、复制/剪切/粘贴、局部裁剪、查找替换、文本与 FIGlet 插入","剪贴板保留颜色信息，文本粘贴规则明确","https://www.asciiart.eu/ascii-draw-studio","公开资料基线与实施设计；并非运行验证","P3","未开始","未验证","",""
"T06-05","T06","剪贴画、边框、分隔线、图案面板；搜索、分类、预览、插入、用户素材","尺寸和透明空格规则一致，保留署名","https://www.asciiart.eu/ascii-draw-studio","公开资料基线与实施设计；并非运行验证","P3","未开始","未验证","",""
"T06-06","T06","背景图片描摹：导入、透明度、比例、定位、锁定、显示开关","背景不意外写入纯字符导出","https://www.asciiart.eu/ascii-draw-studio","公开资料基线与实施设计；并非运行验证","P3","未开始","未验证","",""
"T06-07","T06","所有转换/生成器结果插入当前选区或新画布；渐变填充和表格设计","表格行列、对齐、内边距、线型可编辑","https://www.asciiart.eu/ascii-draw-studio","公开资料基线与实施设计；并非运行验证","P3","未开始","未验证","",""
"T06-08","T06","多文档、命令历史、撤销重做、自动保存、崩溃恢复与工程保存","重新生成不会静默抹除手工编辑","https://www.asciiart.eu/ascii-draw-studio","公开资料基线与实施设计；并非运行验证","P3","未开始","未验证","",""
"T07-01","T07","三模式；四角与四边独立编辑；不等宽补空格与校验","转角衔接正确，尺寸过小时说明限制","https://www.asciiart.eu/ascii-borders/maker","公开资料基线与实施设计；并非运行验证","P4","未开始","未验证","",""
"T07-02","T07","宽高、内容区、内边距、实时预览、颜色主题、清空与恢复","输出外框/内框尺寸定义清楚","https://www.asciiart.eu/ascii-borders/maker","公开资料基线与实施设计；并非运行验证","P4","部分实现","未验证","docs/DEVELOPMENT_STATUS.md","基础文字边框可编辑内容；独立边框尺寸和内边距尚缺"
"T07-03","T07","命名保存、另存为、自动恢复、图库直接编辑、导出与插入画布","保存不依赖账号，重开参数完整","https://www.asciiart.eu/ascii-borders/maker","公开资料基线与实施设计；并非运行验证","P4","部分实现","部分验证","docs/ITERATION_09_PLAN.md","生成器来源参数与编辑结果恢复已通过简单检查；图库直接编辑和画布插入尚缺"
"T08-01","T08","三段编辑、可空开始/结束、多行、目标宽度及实时预览","无法整除重复块时有可复现的截断/填充规则","https://www.asciiart.eu/ascii-dividers/maker","公开资料基线与实施设计；并非运行验证","P4","部分实现","未验证","docs/DEVELOPMENT_STATUS.md","预设重复分隔线按目标宽度截断；三段编辑尚缺"
"T08-02","T08","同段等宽校验、超宽提示、清空确认、主题与通用导出","输出宽度准确，Unicode 宽度策略明确","https://www.asciiart.eu/ascii-dividers/maker","公开资料基线与实施设计；并非运行验证","P4","部分实现","未验证","docs/DEVELOPMENT_STATUS.md","宽度和通用导出已实现；完整校验与主题尚缺"
"T08-03","T08","命名/另存/恢复、本地收藏、图库打开、画布插入","重新编辑保留结构化参数","https://www.asciiart.eu/ascii-dividers/maker","公开资料基线与实施设计；并非运行验证","P4","部分实现","部分验证","docs/ITERATION_09_PLAN.md","预设分隔线来源参数与项目恢复已实现；本地收藏、图库编辑、画布插入尚缺"
"T09-01","T09","正方、十字、空心框、菱形、L、三角、直角三角；四算法","网格连通、外形有效，随机种子可复现","https://www.asciiart.eu/ascii-maze-generator","公开资料基线与实施设计；并非运行验证","P4","部分实现","未验证","docs/DEVELOPMENT_STATUS.md","矩形DFS迷宫与固定种子；其他形状及算法尚缺"
"T09-02","T09","对角/水平/垂直、死端最长路、随机内部目标、随机两端、无起终点；自定义 S/E/路径","起终点合法，无起终点时不显示伪解答","https://www.asciiart.eu/ascii-maze-generator","公开资料基线与实施设计；并非运行验证","P4","未开始","未验证","",""
"T09-03","T09","十二类主题、自定义字符、宽高、解答显示与切换","最短路径可验证，主题不改变拓扑","https://www.asciiart.eu/ascii-maze-generator","公开资料基线与实施设计；并非运行验证","P4","未开始","未验证","",""
"T09-04","T09","3D 漫游、WASD/方向键、碰撞、小地图、步数/进度、字符与颜色主题","能走到终点；无独立游戏模块或排行榜","https://www.asciiart.eu/ascii-maze-generator","公开资料基线与实施设计；并非运行验证","P4","未开始","未验证","",""
"T09-05","T09","大尺寸、全屏、文本/图像/SVG/PDF、复制/发送/项目保存","导出拓扑与预览一致","https://www.asciiart.eu/ascii-maze-generator","公开资料基线与实施设计；并非运行验证","P4","部分实现","未验证","docs/DEVELOPMENT_STATUS.md","文本、图像、SVG及快照项目；PDF和全屏尚缺"
"T10-01","T10","所有月亮/小行星/星星选项，字符分布与总数联动，保留空隙","极小画布/过多对象采用明示溢出策略","https://www.asciiart.eu/ascii-night-sky-generator","公开资料基线与实施设计；并非运行验证","P4","未开始","未验证","",""
"T10-02","T10","尺寸、主题、随机/固定种子、重置、全屏、复制、发送与导出","同种子结果一致，对象不会意外裁掉","https://www.asciiart.eu/ascii-night-sky-generator","公开资料基线与实施设计；并非运行验证","P4","部分实现","未验证","docs/DEVELOPMENT_STATUS.md","基础星点随机种子与尺寸/通用导出；其他对象和控制尚缺"
"T10-03","T10","已发布对象目录优先；说明中提及但 UI 未核实的对象列 U09","不为未核实选项宣称网站已有实现","https://www.asciiart.eu/ascii-night-sky-generator","公开资料基线与实施设计；并非运行验证","P4","未开始","未验证","",""
"T11-01","T11","十四模式全部实现，模式各自保存参数，不互相覆盖","每模式均有独立示例、保存与导出","https://www.asciiart.eu/ascii-patterns/maker","公开资料基线与实施设计；并非运行验证","P4","部分实现","未验证","docs/DEVELOPMENT_STATUS.md","棋盘、斜纹、密度三种基础图案；完整十四模式尚缺"
"T11-02","T11","同心形状/旋转/间隔/线宽/中心；框架八字符/生成方向/可见性；渐变方向/缩放/反向","几何边界与小尺寸结果正确","https://www.asciiart.eu/ascii-patterns/maker","公开资料基线与实施设计；并非运行验证","P4","未开始","未验证","",""
"T11-03","T11","迷宫纹理风格/方向偏置/密度/变化/混乱；随机与噪声；波形波长/振幅/厚度；条纹方向/坡度","参数有实际作用，固定种子可复现","https://www.asciiart.eu/ascii-patterns/maker","公开资料基线与实施设计；并非运行验证","P4","未开始","未验证","",""
"T11-04","T11","剪贴画/平铺单元编辑，横纵间距、错行、交替镜像；精灵透明字符/数量/保持完整","小块不等宽处理明确，超界可控","https://www.asciiart.eu/ascii-patterns/maker","公开资料基线与实施设计；并非运行验证","P4","未开始","未验证","",""
"T11-05","T11","文本连续/按词折行；散布字符/背景/间距/错位；自定义字符及预设","文本与 Unicode 处理一致","https://www.asciiart.eu/ascii-patterns/maker","公开资料基线与实施设计；并非运行验证","P4","未开始","未验证","",""
"T11-06","T11","全部 Plasma 子类型、时间拖动/播放、尺度、复杂度、速度、旋转、扰动","U03 清单冻结后每项独立验收","https://www.asciiart.eu/ascii-patterns/maker","公开资料基线与实施设计；并非运行验证","P4","未开始","未验证","",""
"T11-07","T11","500×300 等网站公开高级尺寸至少支持到资源预算允许的上限；全屏、保存/恢复、导出","自动估算大小，超预算可降低尺寸","https://www.asciiart.eu/ascii-patterns/maker","公开资料基线与实施设计；并非运行验证","P4","未开始","未验证","",""
"T12-01","T12","覆盖尺寸、频率、类型、编码类别、密度、边距、内容边界及行列分布","指标定义公开，空输入/不等宽行有确定结果","https://www.asciiart.eu/tools/ascii-art-analyzer","公开资料基线与实施设计；并非运行验证","P4","部分实现","未验证","docs/DEVELOPMENT_STATUS.md","基本Unicode/字节/行/词统计；密度等全面分析尚缺"
"T12-02","T12","重心、双轴对称、边缘、连通区域、最长序列、方向与图案统计、密度热图","明确连通规则与字形权重，参考图可复核","https://www.asciiart.eu/tools/ascii-art-analyzer","公开资料基线与实施设计；并非运行验证","P4","未开始","未验证","",""
"T12-03","T12","风格/复杂度启发式、报告复制、JSON、发送其他工具","标签显示为估计，避免把复杂度当艺术质量评分","https://www.asciiart.eu/tools/ascii-art-analyzer","公开资料基线与实施设计；并非运行验证","P4","未开始","未验证","",""
"T13-01","T13","编码兼容类别、控制/转义序列、每个问题的行列/码点/类型、点击定位与高亮","Unicode 码点与显示单元不能混淆","https://www.asciiart.eu/tools/ascii-validator","公开资料基线与实施设计；并非运行验证","P4","部分实现","未验证","docs/DEVELOPMENT_STATUS.md","统计非ASCII和控制字符；逐问题位置、定位及编码分类尚缺"
"T13-02","T13","格式/字符画类型与不可见/同形字符启发式检测","不可见字符不能被断言为 AI 生成或水印证据","https://www.asciiart.eu/tools/ascii-validator","公开资料基线与实施设计；并非运行验证","P4","未开始","未验证","",""
"T13-03","T13","BOM、混合换行、Tab、尾空格/不换行空格、目标宽度；替换建议与发送清理","用户确认后应用修复，可撤销，保留对齐","https://www.asciiart.eu/tools/ascii-validator","公开资料基线与实施设计；并非运行验证","P4","未开始","未验证","",""
"T14-01","T14","小写/大写/标题/句首/首字/反转，camel/Pascal/snake/kebab/CONSTANT/dot/path/Header/flat/COBOL/Ada/slug","区分英文规则与其他语言，逐行可选","https://www.asciiart.eu/tools/case-converter","公开资料基线与实施设计；并非运行验证","P4","部分实现","未验证","docs/DEVELOPMENT_STATUS.md","基础大写/小写；其他大小写风格尚缺"
"T14-02","T14","交替/随机/趣味大小写、反转/倒序单词/加宽/重复/去空格","按字素处理 emoji，随机种子可选","https://www.asciiart.eu/tools/case-converter","公开资料基线与实施设计；并非运行验证","P4","部分实现","未验证","docs/DEVELOPMENT_STATUS.md","按字符簇逐行左右反转、上下反转；其他变换尚缺"
"T14-03","T14","leet、摩尔斯、二进制、十六进制、Base64、ROT13、NATO；全部公开 Unicode 风格","支持能力与不可逆变化有提示","https://www.asciiart.eu/tools/case-converter","公开资料基线与实施设计；并非运行验证","P4","未开始","未验证","",""
"T14-04","T14","导入/粘贴/样本、结果回填输入、复制、保存、重置和发送","转换链可撤销，不丢原始输入","https://www.asciiart.eu/tools/case-converter","公开资料基线与实施设计；并非运行验证","P4","未开始","未验证","",""
"T15-01","T15","总量/不含空格/词句段行、类型拆分、字符频率和两种占比、逐行长度","区分 UTF-16 单元/码点/字素/显示列/字节","https://www.asciiart.eu/tools/character-counter","公开资料基线与实施设计；并非运行验证","P4","部分实现","未验证","docs/DEVELOPMENT_STATUS.md","基本UTF16/标量/字符簇/字节/行/词数；全面类型频率和显示列尚缺"
"T15-02","T15","平均长度、最长/高频词、阅读/讲话时间、平台长度参考","平台规则标记适用口径与核对日期","https://www.asciiart.eu/tools/character-counter","公开资料基线与实施设计；并非运行验证","P4","未开始","未验证","",""
"T15-03","T15","文件/粘贴/清空/复制/保存及工具互送","大文本防抖、取消与完整统计","https://www.asciiart.eu/tools/character-counter","公开资料基线与实施设计；并非运行验证","P4","未开始","未验证","",""
"T16-01","T16","首尾/逐行空白、空格压缩、Tab 互换/移除；换行规范化、空行/重复行、换行为空格/HTML/移除/结尾换行","固定操作顺序，字符画安全预设不破坏对齐","https://www.asciiart.eu/tools/text-cleaner","公开资料基线与实施设计；并非运行验证","P4","部分实现","未验证","docs/DEVELOPMENT_STATUS.md","裁边、换行规范化、Tab转4空格；其他空白操作尚缺"
"T16-02","T16","NFC、NBSP、智能引号/连字符/重音/替换字符；非打印/零宽/标点/emoji/非 ASCII/数字/字母移除","组合文字与 emoji 用字素规则处理","https://www.asciiart.eu/tools/text-cleaner","公开资料基线与实施设计；并非运行验证","P4","部分实现","未验证","docs/DEVELOPMENT_STATUS.md","控制字符清理和仅保留ASCII；其他清理尚缺"
"T16-03","T16","大小写；HTML 实体/URL 解码、标签/BBCode/属性/URL/邮箱移除；全部空白移除","HTML 使用解析规则，结果预览不执行脚本","https://www.asciiart.eu/tools/text-cleaner","公开资料基线与实施设计；并非运行验证","P4","未开始","未验证","",""
"T16-04","T16","按唯一字符选择删除；预设、差异视图、数量/行/字节变化、手动编辑后重新统计、结果回填","破坏性变换明确展示影响，支持撤销","https://www.asciiart.eu/tools/text-cleaner","公开资料基线与实施设计；并非运行验证","P4","未开始","未验证","",""
"T17-01","T17","基本统计、停用词/内容词/单字词/单次词、大小写比例、词汇丰富度与词长分布","分词策略明确，中文使用单独模式","https://www.asciiart.eu/tools/word-counter","公开资料基线与实施设计；并非运行验证","P4","部分实现","未验证","docs/DEVELOPMENT_STATUS.md","仅空白分隔词数；中文分词与词频尚缺"
"T17-02","T17","单词/二元组/三元组/常用词频、停用词过滤、TXT/逗号与分号 CSV","排序一致，CSV 转义正确","https://www.asciiart.eu/tools/word-counter","公开资料基线与实施设计；并非运行验证","P4","未开始","未验证","",""
"T17-03","T17","阅读/讲话、词句段行详细分析、句长变化、长段落/尾空格/终端宽度提醒","时间是估计，统计结果可复核","https://www.asciiart.eu/tools/word-counter","公开资料基线与实施设计；并非运行验证","P4","未开始","未验证","",""
"T17-04","T17","Flesch–Kincaid/Flesch Ease 与隐藏字符检查","英语公式不套用中文，不推断输入是否 AI 生成","https://www.asciiart.eu/tools/word-counter","公开资料基线与实施设计；并非运行验证","P4","未开始","未验证","",""
"A01","A","弹跳球","球数、重力、时间速度、颜色、重置","https://www.asciiart.eu/animations/ascii-bouncing-balls","公开资料基线与实施设计；并非运行验证","P5","未开始","未验证","",""
"A02","A","火焰","火墙/篝火/火炬/蜡烛；强度、风、衰减、扰动、底部厚度、余烬/火花/脉冲、色板/字符/FPS","https://www.asciiart.eu/animations/ascii-fire","公开资料基线与实施设计；并非运行验证","P5","未开始","未验证","",""
"A03","A","烟花","手动发射/自动、间隔、速度、爆炸大小、色板","https://www.asciiart.eu/animations/ascii-fireworks","公开资料基线与实施设计；并非运行验证","P5","未开始","未验证","",""
"A04","A","地平线","滚动文字、字符/色板、速度、方向、透视与道路相关参数；其余字段见 U07","https://www.asciiart.eu/animations/ascii-horizon","公开资料基线与实施设计；并非运行验证","P5","未开始","未验证","",""
"A05","A","万花筒","对称数、六类图案、旋转/缩放/复杂度/速度/FPS、脉冲/色循环/变形/拖尾/故障/反转","https://www.asciiart.eu/animations/ascii-kaleidoscope","公开资料基线与实施设计；并非运行验证","P5","未开始","未验证","",""
"A06","A","字符雨","字符模型/模式、速度/密度/尾长/变异/速度差/FPS、色板与公开深度/脉冲/故障选项","https://www.asciiart.eu/animations/ascii-matrix-rain","公开资料基线与实施设计；并非运行验证","P5","未开始","未验证","",""
"A07","A","Plasma","独立模式目录、速度/尺度/复杂度/扭曲/对比度、字符与色板","https://www.asciiart.eu/animations/ascii-plasma","公开资料基线与实施设计；并非运行验证","P5","未开始","未验证","",""
"A08","A","无线电波","模式/形状/字符、波长/厚度、发射中心运动、旋转；全部剩余字段见 U07","https://www.asciiart.eu/animations/ascii-radio-waves","公开资料基线与实施设计；并非运行验证","P5","未开始","未验证","",""
"A09","A","雨滴","环样式、字符、落滴频率、扩张速度、环宽、消退、最大数量、溅落效果","https://www.asciiart.eu/animations/ascii-rain-drops","公开资料基线与实施设计；并非运行验证","P5","未开始","未验证","",""
"A10","A","旋转星系","旋臂/星数/速度/大小/扭转/噪声/辉光/闪烁、梯度与色板","https://www.asciiart.eu/animations/ascii-rotating-galaxy","公开资料基线与实施设计；并非运行验证","P5","未开始","未验证","",""
"A11","A","旋转圆环","自动旋转、摆动、双轴转速、大小/厚度、光照角/高度、字符/颜色/FPS","https://www.asciiart.eu/animations/ascii-spinning-donut","公开资料基线与实施设计；并非运行验证","P5","未开始","未验证","",""
"A12","A","旋转形体","40+ 形体、旋转/脉冲、色板和相关控制；目录见 U07","https://www.asciiart.eu/animations/ascii-spinning-shapes","公开资料基线与实施设计；并非运行验证","P5","未开始","未验证","",""
"A13","A","星空穿越","星数/速度/FOV、字符、方向、Warp 拖尾、暂停/反向/快捷调速","https://www.asciiart.eu/animations/ascii-starfield","公开资料基线与实施设计；并非运行验证","P5","未开始","未验证","",""
"A14","A","隧道","六类形状、前进/后退/脉冲/Warp；速度/深度/透视/旋转/大小/FPS，螺旋/摆动/光照/粒子/条纹","https://www.asciiart.eu/animations/ascii-tunnel","公开资料基线与实施设计；并非运行验证","P5","未开始","未验证","",""
"AN-01","AN","播放/暂停/重置/随机/固定种子、参数保存与恢复、全屏、主题、渲染路径","同时间与参数可复现；暂停后不继续高负载计算","https://www.asciiart.eu/animations","公开资料基线与实施设计；并非运行验证","P5","未开始","未验证","",""
"AN-02","AN","静帧复制/画布插入/通用导出；GIF/MP4/帧序列录制，FPS/时长/尺寸","导出时间轴与预览一致，不靠实时屏幕录制凑帧","https://www.asciiart.eu/animations","公开资料基线与实施设计；并非运行验证","P5","未开始","未验证","",""
"AN-03","AN","隐藏窗口节流，关闭停算，减少动画模式，闪烁强度可调","生命周期释放资源；长时间运行无持续内存增长","https://www.asciiart.eu/animations","公开资料基线与实施设计；并非运行验证","P5","未开始","未验证","",""
"AN-04","AN","每项独立参数表、参考样本和全选项验收；处理第 15 项数量差异","不能用一个通用动画替代 14 个独立场景","https://www.asciiart.eu/animations","公开资料基线与实施设计；并非运行验证","P5","未开始","未验证","",""
"L01","L","完整主题分类架构：动物、艺术设计、书籍、建筑地点、卡通、服饰、漫画、电脑、电子、饮食、节日、Logo、杂项、影视、音乐、神话、自然、单行、人物、植物、宗教、太空、运动、电视、玩具、交通、电子游戏主题作品、武器","分类均可扩展；“电子游戏主题作品”属于图库，应用不提供游戏运行","https://www.asciiart.eu/","公开资料基线与实施设计；并非运行验证","P3","未开始","未验证","",""
"L02","L","子分类树、列表/双列/三列/瀑布/可变瀑布/紧凑布局、排序、字号、Fit","不等宽作品完整展示，大库虚拟化","https://www.asciiart.eu/","公开资料基线与实施设计；并非运行验证","P3","未开始","未验证","",""
"L03","L","作品详情、原始文本、作者/署名、来源、许可、日期、字符集、行列/字符数；复制/分析/校验/画布/导出","复制及导出保留署名与来源元数据","https://www.asciiart.eu/","公开资料基线与实施设计；并非运行验证","P3","未开始","未验证","",""
"L04","L","边框三类图库、单行/多行分隔线、图案图库、单行字符画及颜文字；图库→对应制作器","结构参数可编辑；原文素材也能插入画布","https://www.asciiart.eu/","公开资料基线与实施设计；并非运行验证","P3","未开始","未验证","",""
"L05","L","搜索作品/工具/动画/帮助/预设，自然/布尔、类型/分类/作者/尺寸/字符集筛选，历史可清空","中文英文可用，结果高亮不改变字符画","https://www.asciiart.eu/","公开资料基线与实施设计；并非运行验证","P3","未开始","未验证","",""
"L06","L","本地收藏、标签、个人作品集、新建/改名/移动/删除、导入/导出；本地点赞标记可选","无登录需求，数据迁移有备份","https://www.asciiart.eu/","公开资料基线与实施设计；并非运行验证","P3","未开始","未验证","",""
"L07","L","素材包管理：安装/启用/移除/版本/来源/许可/数量/更新日期；导入用户作品","文档引用移除素材后仍能恢复已用内容","https://www.asciiart.eu/","公开资料基线与实施设计；并非运行验证","P3","未开始","未验证","",""
"L08","L","本地统计页：作品/分类/作者/素材/字体/动画数量","数量由当前实际数据计算，禁止硬编码网站数量","https://www.asciiart.eu/","公开资料基线与实施设计；并非运行验证","P3","未开始","未验证","",""
"H01","H","应用内帮助、工具指南、FAQ、术语搜索与相关工具跳转，原创中文/英文说明","可离线查询，帮助对应实际版本","https://www.asciiart.eu/faq","公开资料基线与实施设计；并非运行验证","P6","未开始","未验证","",""
"H02","H","ASCII 表：十进制/十六进制/二进制/字符/控制码；CP437 与 Unicode 说明","控制码只展示说明，不作为可执行命令","https://www.asciiart.eu/faq","公开资料基线与实施设计；并非运行验证","P6","未开始","未验证","",""
"H03","H","非游戏趣味内容、字符创作小技巧、示例；作者署名与素材说明","不导入历史档案或游戏文章","https://www.asciiart.eu/faq","公开资料基线与实施设计；并非运行验证","P6","未开始","未验证","",""
"H04","H","资源链接、反馈入口、关于/致谢/版本更新记录、许可证与隐私说明","外链由用户主动打开，来源明确","https://www.asciiart.eu/faq","公开资料基线与实施设计；并非运行验证","P6","未开始","未验证","",""
"H05","H","原站 Shop 导航仅作为外部资源链接；路径 `/binaryia` 本次未核实具体交易流程","不把外部商城、支付或购物车计入桌面创作模块；见 U10","https://www.asciiart.eu/faq","公开资料基线与实施设计；并非运行验证","P6","未开始","未验证","",""
"S01","S","浅色/深色/系统、高对比度、界面字体/等宽字体、语言、字号、DPI","主流程键盘/读屏可用，100–200% DPI 检查","https://www.asciiart.eu/","公开资料基线与实施设计；并非运行验证","P6","部分实现","未验证","docs/DEVELOPMENT_STATUS.md","浅色/深色/系统主题、预览字号；完整无障碍和DPI验收尚缺"
"S02","S","默认导入/导出、主题、快捷键、最近项目、自动保存、缓存预算、日志查看/清空","用户设置与项目参数隔离","https://www.asciiart.eu/","公开资料基线与实施设计；并非运行验证","P6","部分实现","未验证","docs/DEVELOPMENT_STATUS.md","主题、最近项目、恢复快照、错误日志；高级设置尚缺"
"S03","S","缺字体/缺编码器/格式不支持/无权限/磁盘满等能力检测与恢复入口","不显示不能使用却无解释的操作","https://www.asciiart.eu/","公开资料基线与实施设计；并非运行验证","P6","未开始","未验证","",""
"E01","E","TXT/Markdown/HTML；全文/片段；UTF-8/带 BOM/ASCII/CP437；LF/CRLF/CR；八类公开修剪组合及预览","不静默丢字符或尾空格；不支持编码有替换确认","https://www.asciiart.eu/tools/3d-to-ascii-art","公开资料基线与实施设计；并非运行验证","P2","部分实现","未验证","docs/DEVELOPMENT_STATUS.md","UTF8全文TXT(CRLF)、Markdown、HTML；编码选择和修剪等尚缺"
"E02","E","PNG/JPEG/GIF/SVG/WebP；字体/字号/1–4 倍与自定义比例、背景/文字色、主题、内边距、透明、JPEG 质量","格式限制可见；渲染与导出一致","https://www.asciiart.eu/tools/3d-to-ascii-art","公开资料基线与实施设计；并非运行验证","P2","部分实现","未验证","docs/ITERATION_02.md","PNG/JPEG/静态GIF/SVG和字号；WebP及高级参数尚缺；v0.2新增1至4倍位图倍率和像素尺寸提示，UI倍率步骤待验收"
"E03","E","系统文字/位图/混合/自选字体渲染，经典字体目录；复古与现代主题、自定义色板","框线/块字符准确，字体分发许可记录完整","https://www.asciiart.eu/tools/3d-to-ascii-art","公开资料基线与实施设计；并非运行验证","P2","未开始","未验证","",""
"E04","E","PDF 图像/文本模式、A4/Letter/A3、自定义尺寸、方向、字体、边距、分页","声明模式的 Unicode/颜色限制；无截断或重叠","https://www.asciiart.eu/tools/3d-to-ascii-art","公开资料基线与实施设计；并非运行验证","P2","未开始","未验证","",""
"E05","E","JSON 字符串/行数组、尺寸/时间等元数据、压缩；彩色结果结构化扩展","版本化 schema，导入往返可验证","https://www.asciiart.eu/tools/3d-to-ascii-art","公开资料基线与实施设计；并非运行验证","P2","部分实现","未验证","docs/DEVELOPMENT_STATUS.md","AsciiDocument结构化JSON；schema版本和导入往返尚缺"
"E06","E","ANSI 无色/16/256/24 位；Windows Terminal/Unix 目标、颜色重置、原色保留","不执行源文本控制指令，目标终端样本正确","https://www.asciiart.eu/tools/3d-to-ascii-art","公开资料基线与实施设计；并非运行验证","P2","部分实现","未验证","docs/DEVELOPMENT_STATUS.md","无色/24位ANSI及重置；16/256色尚缺"
"E07","E","注释块或变量常量；覆盖公开语言与注释风格；多行/转义字符串/行数组、变量名","反斜杠/引号/注释结束符正确转义，生成样本可编译或解析","https://www.asciiart.eu/tools/3d-to-ascii-art","公开资料基线与实施设计；并非运行验证","P2","未开始","未验证","",""
"E08","E","当前结果/选区、批量输出、文件名、复制/下载式本地保存、预览、覆盖处理","临时文件与原子写入，失败保留原文件","https://www.asciiart.eu/tools/3d-to-ascii-art","公开资料基线与实施设计；并非运行验证","P2","部分实现","未验证","docs/DEVELOPMENT_STATUS.md","全文本地保存及同目录原子写入；批量和选区尚缺"
"E09","E","动画 GIF/MP4/帧序列、FPS/区间/循环/尺寸/质量、音频默认不录入","时间轴准确，取消不留下伪成功文件","https://www.asciiart.eu/tools/3d-to-ascii-art","公开资料基线与实施设计；并非运行验证","P5","未开始","未验证","",""
"D01","D","多项目、最近、保存/另存、自动恢复","版本化 `.asciiproj`，可嵌入素材/外部引用，丢源可重新定位","","桌面增强设计","P1–P2","部分实现","未验证","docs/DEVELOPMENT_STATUS.md","图片/文字源参数、快照项目、最近项目、结果恢复；完整多文档及外部引用尚缺"
"D02","D","参数预设与历史","JSON 预设、收藏、导入导出、版本迁移、算法版本","","桌面增强设计","P1–P2","未开始","未验证","",""
"D03","D","图片/文字批处理","有界队列、命名、目录、取消/重试、部分失败报告","","桌面增强设计","P6","未开始","未验证","",""
"D04","D","命令行","复用核心逻辑，参数/预设/JSON 报告与确定性退出码","","桌面增强设计","P6","未开始","未验证","",""
"D05","D","文件关联/打开方式、安装与升级","打包验证、干净机器离线使用、用户数据迁移","","桌面增强设计","P6","未开始","未验证","",""
"U01","U","动画统计 15 与目录 14 的差异","查找新增/未列出/重复项；新增场景加入 A 清单，统计错误保留证据","","待核实；详见主计划","P0","待调研","未验证","",""
"U02","U","279 字体条目、两轴五种 UI 选项与四类 FIGlet 语义，边框/注释独立数量","建立名称/值/规则/许可证清单，运行参考样本","","待核实；详见主计划","P0","待调研","未验证","",""
"U03","U","Pattern 的十四模式与 15+ 宣传、46 Plasma 子类型","完整展开模式菜单并冻结参数/子类型；每项分配验收记录","","待核实；详见主计划","P0","待调研","未验证","",""
"U04","U","摄像头全部 70+ 特效及混合行为","动态菜单逐项盘点，记录作用/参数/顺序/重置样本；无资料项标明独立设计","","待核实；详见主计划","P0","待调研","未验证","",""
"U05","U","绘画工作室全部动态工具/素材数量、即将推出项的实际状态","完整浏览工具栏/菜单/弹窗，区分当前与声明，许可与素材清单独立完成","","待核实；详见主计划","P0","待调研","未验证","",""
"U06","U","公共导出各页面是否不同，全部主题/字体/注释/语言/修剪列表","汇总独立选项、去重，逐格式验证，不照搬网页缺陷","","待核实；详见主计划","P0","待调研","未验证","",""
"U07","U","动画的完整模式与滑块、40+ 形体目录","每页形成独立参数表，补全 A04/A06/A08/A12 等未展开字段","","待核实；详见主计划","P0","待调研","未验证","",""
"U08","U","图库详情全部动作、边框三类/多行分隔线、搜索运行行为","无账号路径核实；账户动作映射本地功能，不引入会员","","待核实；详见主计划","P0","待调研","未验证","",""
"U09","U","夜空说明和控件中的对象差异","以实际目录冻结，声明对象单独记录","","待核实；详见主计划","P0","待调研","未验证","",""
"U10","U","Shop 外链页面被验证拦截，内容未核实","默认仅保留资源外链，报告不声称具备商城交易能力","","待核实；详见主计划","P0","待调研","未验证","",""
"U11","U","原站完整图库/剪贴画/图标/字体资产分发权与取得方式","确认许可数据源或交付同类原创/授权素材，公开真实数量与差异","","待核实；详见主计划","P0","待调研","未验证","",""
